<?xml version="1.0" encoding="UTF-8"?>

<COLOUR_SCHEME font="&lt;Monospaced&gt;; 13.0">
  <COLOUR name="Preprocessor Text" colour="FFF8F631"/>
  <COLOUR name="Punctuation" colour="FFCFBEFF"/>
  <COLOUR name="Bracket" colour="FF058202"/>
  <COLOUR name="String" colour="FFBC45DD"/>
  <COLOUR name="Float" colour="ff885500"/>
  <COLOUR name="Integer" colour="FF42C8C4"/>
  <COLOUR name="Identifier" colour="FFCFCFCF"/>
  <COLOUR name="Operator" colour="FFC4EB19"/>
  <COLOUR name="Keyword" colour="FFEE6F6F"/>
  <COLOUR name="Comment" colour="FF72D20C"/>
  <COLOUR name="Error" colour="FFE60000"/>
</COLOUR_SCHEME>
